{"branches": 19.733333333333334, "coverage": 50.94075571450786}