{"branches": 19.63589076723017, "coverage": 51.03312063202674}