{"branches": 20.20665901262916, "coverage": 52.73678561845989}