{"branches": 20.975609756097562, "coverage": 52.97366185216652}