{"branches": 12.036199095022624, "coverage": 38.58977862804045}