{"branches": 20.414201183431953, "coverage": 49.26628489620616}