{"branches": 19.615912208504803, "coverage": 50.16186468112658}