{"branches": 20.43010752688172, "coverage": 48.84198729921554}