{"branches": 19.605077574047954, "coverage": 49.02870895650679}