{"branches": 19.733333333333334, "coverage": 50.71082643336978}