{"branches": 19.9438202247191, "coverage": 50.20671407309409}