{"branches": 20.1123595505618, "coverage": 52.917320774463626}